Business Name,Category,Address,Phone,Website,Rating,Reviews,Google Maps URL
Barossa Roofing,Roofing contractor,"304 Penrice Rd, Penrice SA 5355, Australia",+61 408 642 454,https://barossaroofing.net.au/,5,1,https://www.google.com/maps/search/?api=1&query=Barossa%20Roofing&query_place_id=ChIJ470ric3ruWoRvkV2qTtycF0
Premium Roofing and Patios,Roofing contractor,"394 Ebenezer Rd, Nuriootpa SA 5355, Australia",+61 8 8566 2922,http://www.premiumroofingandpatios.com.au/,5,6,https://www.google.com/maps/search/?api=1&query=Premium%20Roofing%20and%20Patios&query_place_id=ChIJwS8l6VeSuWoRZ46hPV8wPg0
True Blue Carports & Roofing,Roofing contractor,"Gawler SA 5118, Australia",+61 408 787 255,http://www.truebluecarports.com.au/,5,12,https://www.google.com/maps/search/?api=1&query=True%20Blue%20Carports%20%26%20Roofing&query_place_id=ChIJ1Y2Fdef_uWoRK0uNipIFnRM
Delta Roofing SA,Roofing contractor,,+61 460 924 017,https://deltaroofingsa.com.au/,5,3,https://www.google.com/maps/search/?api=1&query=Delta%20Roofing%20SA&query_place_id=ChIJvTUe52p-3UcRTrZMuRGQNic
DN Roof Tiling & Restoration,Roofing contractor,,+61 423 575 558,https://dnroofrestoration.com.au/,5,11,https://www.google.com/maps/search/?api=1&query=DN%20Roof%20Tiling%20%26%20Restoration&query_place_id=ChIJf2R4-LGp_gIRc_goiAyo9Es
ABC Home Improvements,Roofing contractor,,+61 419 035 474,https://www.abchomeimprovements.com.au/,5,1,https://www.google.com/maps/search/?api=1&query=ABC%20Home%20Improvements&query_place_id=ChIJcUYP2z3_uWoRkHlOazcrOXI
DJ Heeley Roof Restorations,Roofing contractor,,+61 421 982 739,http://www.djheeleyroofrestoration.com.au/,4.7,55,https://www.google.com/maps/search/?api=1&query=DJ%20Heeley%20Roof%20Restorations&query_place_id=ChIJR6DqrT9Vt2oRDvyUwCFEXcc
Roof Shine SA Re Roofing Specialists,Roofing contractor,"12 Coats Rd, Two Wells SA 5501, Australia",+61 466 322 333,https://www.roofshine.com.au/,5,13,https://www.google.com/maps/search/?api=1&query=Roof%20Shine%20SA%20Re%20Roofing%20Specialists&query_place_id=ChIJ5_I_dwpW2gMRwON9XqBocjs
Roof Renewal,Roofing contractor,,+61 433 249 417,http://www.roofrenewal.com.au/?utm_campaign=gmb,4.9,48,https://www.google.com/maps/search/?api=1&query=Roof%20Renewal&query_place_id=ChIJN_FUj9WzsGoR78s2Gt8Krmk
Affordable Roof Care,Roofing contractor,,+61 425 102 222,http://affordableroofcare.com.au/,4.8,107,https://www.google.com/maps/search/?api=1&query=Affordable%20Roof%20Care&query_place_id=ChIJc1IWZX-ssGoRkZURcD7J0lo
Roof Doctors - Roof Repairs & Restoration Adelaide,Roofing contractor,"7 Archimedes Pl, Golden Grove SA 5125, Australia",+61 488 669 875,https://www.roofdoctors.com.au/,4.5,357,https://www.google.com/maps/search/?api=1&query=Roof%20Doctors%20-%20Roof%20Repairs%20%26%20Restoration%20Adelaide&query_place_id=ChIJR9CJNcezsGoRGLCwOzwadco
Barossa Regional Home Maintenance,Property maintenance,"25 Atze Parade, Nuriootpa SA 5355, Australia",+61 437 027 600,http://barossarhm.com/,5,27,https://www.google.com/maps/search/?api=1&query=Barossa%20Regional%20Home%20Maintenance&query_place_id=ChIJza-NdcLruWoRVXRyXFAnOdQ
Adelaide Roofers,Roofing contractor,,+61 488 447 139,http://localadelaideroofers.com.au/,5,14,https://www.google.com/maps/search/?api=1&query=Adelaide%20Roofers&query_place_id=ChIJC5MwGVsghGYR_V94FCMgO04
ALL-SIDE ROOFING - Roof Repairs & Roof Restoration Adelaide,Roofing contractor,"Franklin Ave, Mawson Lakes SA 5095, Australia",+61 404 755 577,https://www.allsideroofing.com.au/,4.7,63,https://www.google.com/maps/search/?api=1&query=ALL-SIDE%20ROOFING%20-%20Roof%20Repairs%20%26%20Roof%20Restoration%20Adelaide&query_place_id=ChIJM3E7Njm3sGoR5_aubK7YUoc
SA Local Roof Repairs,Contractor,"14 Kilsby St, Elizabeth Park SA 5113, Australia",+61 404 575 000,https://www.salocalroofrepairs.com.au/,5,21,https://www.google.com/maps/search/?api=1&query=SA%20Local%20Roof%20Repairs&query_place_id=ChIJaZLWmkytsGoRjUnHjPkQBA8
Roof Specialist SA,Roofing contractor,,+61 405 755 000,https://www.roofspecialistsa.com.au/,4.9,81,https://www.google.com/maps/search/?api=1&query=Roof%20Specialist%20SA&query_place_id=ChIJPxyxZnu1sGoRRsKfQ_tR0hA
Roof Replacement and Gutters SA,Roofing contractor,,+61 477 715 704,https://www.roofreplacementandgutterssa.com.au/,5,23,https://www.google.com/maps/search/?api=1&query=Roof%20Replacement%20and%20Gutters%20SA&query_place_id=ChIJEdDfQIXe90kRyt8fTIVHpnY
Barossa Exterior Solutions,Pressure washing service,,+61 499 513 131,http://barossaexteriorsolutions.com.au/,5,2,https://www.google.com/maps/search/?api=1&query=Barossa%20Exterior%20Solutions&query_place_id=ChIJbQZjlSnAKygRHIa00KSASGs
TREV'S ROOF RESTORATION,Roofing contractor,"Parafield Gardens SA 5107, Australia",+61 407 416 596,https://www.trevsroofrestoration.com/,5,44,https://www.google.com/maps/search/?api=1&query=TREV'S%20ROOF%20RESTORATION&query_place_id=ChIJaUmJzdq2sGoRL79Me2BksV8
Reliable Roofing and Property Maintenance,Roofing contractor,"891-895 Main N Rd, Pooraka SA 5095, Australia",+61 457 325 464,http://thereliableteam.com.au/,4.9,57,https://www.google.com/maps/search/?api=1&query=Reliable%20Roofing%20and%20Property%20Maintenance&query_place_id=ChIJsQLsw0JTXCsRwZnkgErTUiY
Gutter-Vac Adelaide Central,Gutter cleaning service,,+61 1300 654 253,https://www.guttervac.com.au/locations/adelaide-central/,4.9,129,https://www.google.com/maps/search/?api=1&query=Gutter-Vac%20Adelaide%20Central&query_place_id=ChIJhyzwtqjasGoRmTi3gq7SGec
Gutter-Vac Adelaide Outer North,Gutter cleaning service,"2/72 Paxton St, Willaston SA 5118, Australia",+61 1300 654 253,https://www.guttervac.com.au/locations/adelaide-outer-north/,5,25,https://www.google.com/maps/search/?api=1&query=Gutter-Vac%20Adelaide%20Outer%20North&query_place_id=ChIJj-mPMdR5UQURyu3TT_XyxpU
petes metal roofing and guttering,Gutter service,"11 Linda St, Shea-Oak Log SA 5371, Australia",+61 421 330 104,,5,4,https://www.google.com/maps/search/?api=1&query=petes%20metal%20roofing%20and%20guttering&query_place_id=ChIJ924Dlyj7uWoRyvgYIc_AhV0
JBF Gutter Cleaning,Gutter cleaning service,,+61 480 518 018,,5,3,https://www.google.com/maps/search/?api=1&query=JBF%20Gutter%20Cleaning&query_place_id=ChIJk4j43v4takkRJ7Uw_g-4u9g
C&J Property Care,Pressure washing service,,+61 478 001 908,https://www.cjpropertycare.com.au/,5,7,https://www.google.com/maps/search/?api=1&query=C%26J%20Property%20Care&query_place_id=ChIJY0tm5zDeC6YRv_Az3z0iH6M
Adelaide Master Guttering,Roofing contractor,"29 Robert Ct, Para Hills SA 5096, Australia",+61 430 028 952,https://www.adelaidemasterguttering.com.au/,4.9,44,https://www.google.com/maps/search/?api=1&query=Adelaide%20Master%20Guttering&query_place_id=ChIJtXK7uWC1sGoRC88aRJ2C3CY
Heights Roofing And Guttering,Roofing contractor,,+61 433 920 694,,5,4,https://www.google.com/maps/search/?api=1&query=Heights%20Roofing%20And%20Guttering&query_place_id=ChIJubDG_IzlXUwRRoIljdXUh_w
Axon Roofing and Guttering,Roofing contractor,,+61 427 888 552,https://www.axonroofingandguttering.com.au/,4.6,11,https://www.google.com/maps/search/?api=1&query=Axon%20Roofing%20and%20Guttering&query_place_id=ChIJJe-g2cd5oocRyh9v8osjsx8
Pro Roof and Gutter,Roofing contractor,"6/6 Trimmer Rd, Elizabeth South SA 5112, Australia",+61 8 7221 1665,https://proroofandgutter.com.au/,4.6,100,https://www.google.com/maps/search/?api=1&query=Pro%20Roof%20and%20Gutter&query_place_id=ChIJ1-Ou0v6zsGoRhjpodMUznt0
Jessie's Pigeon Proofing Solar Panel Soft Wash Pressure Cleaning Pty Ltd,Solar panel maintenance service,,+61 413 964 501,https://www.facebook.com/share/1AZpA6QQEP/,5,2,https://www.google.com/maps/search/?api=1&query=Jessie's%20Pigeon%20Proofing%20Solar%20Panel%20Soft%20Wash%20Pressure%20Cleaning%20Pty%20Ltd&query_place_id=ChIJz55ujTAd-K0RNXRFW_-KHD4
Manners Building and Carpentry,Home builder,,+61 410 582 416,https://mannersbuildingandcarpentry.com.au/,5,8,https://www.google.com/maps/search/?api=1&query=Manners%20Building%20and%20Carpentry&query_place_id=ChIJUXJPiOvruWoRAc5ZFZA6w0c
"TKP Construction - Carpentry, Mini-Renos & Pergolas",Home builder,"230 Angaston Rd, Nuriootpa SA 5355, Australia",+61 411 823 544,https://tkpconstruction.com.au/,5,1,https://www.google.com/maps/search/?api=1&query=TKP%20Construction%20-%20Carpentry%2C%20Mini-Renos%20%26%20Pergolas&query_place_id=ChIJzzGEQe_ruWoRTCtZ3HTzT9c
Saxony Building,Custom home builder,"4 John St, Tanunda SA 5352, Australia",+61 403 801 990,http://www.saxonybuilding.com.au/,5,2,https://www.google.com/maps/search/?api=1&query=Saxony%20Building&query_place_id=ChIJ82Xlev_CuWoRqYCPq2-3XU0
Kroepsch Construction,Shed builder,"14 Old Sturt Hwy, Nuriootpa SA 5355, Australia",+61 8 7082 0491,,5,3,https://www.google.com/maps/search/?api=1&query=Kroepsch%20Construction&query_place_id=ChIJe3bCdAb-kWcRSaEp-WamElM
HSD Building Pty,Construction company,,+61 400 550 559,https://hsdbuilding.com.au/,5,1,https://www.google.com/maps/search/?api=1&query=HSD%20Building%20Pty&query_place_id=ChIJ-aJbA36P80cRQxdVeoNjHr4
BCC Services,Property maintenance,,+61 438 358 406,http://www.bccservices.com.au/,5,7,https://www.google.com/maps/search/?api=1&query=BCC%20Services&query_place_id=ChIJl33Y5RtTTGER3yoPo3QYus0
Integrity New Homes Barossa,Custom home builder,,+61 1300 886 793,https://www.inh.com.au/barossa,5,3,https://www.google.com/maps/search/?api=1&query=Integrity%20New%20Homes%20Barossa&query_place_id=ChIJuUiU9bTtuWoRn9VCYhKzQds
Bartsch Builders,Home builder,"3/29 Magnolia St, Tanunda SA 5352, Australia",+61 8 8563 3293,http://bartschbuilders.com.au/,4.5,2,https://www.google.com/maps/search/?api=1&query=Bartsch%20Builders&query_place_id=ChIJWSFU_s_ouWoR6wwfuPuN1HM
Barossa Carpenters & Builders,Builder,"2 Johann Mattner Ct, Lyndoch SA 5351, Australia",+61 415 678 448,,1,1,https://www.google.com/maps/search/?api=1&query=Barossa%20Carpenters%20%26%20Builders&query_place_id=ChIJu0BgYKv8uWoR-etTapfw9Kc
BGI Building Group Barossa,Shed builder,"21 Tanunda Rd, Nuriootpa SA 5355, Australia",+61 8 8562 2799,http://www.bgibg.com.au/,4.1,9,https://www.google.com/maps/search/?api=1&query=BGI%20Building%20Group%20Barossa&query_place_id=ChIJmYw9mdDruWoRizpCDq5wOy8

